-7.1057e-05,2.6164e-05,0.00011951,5.801e-05,-9.7554e-05,-0.00014152
-0.00028099,0.00010383,0.00047312,0.00022936,-0.00038715,-0.00056048
-0.00062495,0.00023176,0.0010534,0.00051002,-0.00086418,-0.0012484
-0.0010981,0.00040871,0.001853,0.00089597,-0.0015241,-0.002197
-0.0016955,0.00063346,0.0028646,0.0013832,-0.0023622,-0.0033977
-0.0024125,0.00090475,0.0040807,0.0019677,-0.003374,-0.0048422
-0.0032442,0.0012214,0.005494,0.0026455,-0.0045548,-0.0065221
-0.0041857,0.0015821,0.0070971,0.0034125,-0.0059002,-0.0084291
-0.0052323,0.0019857,0.0088828,0.0042649,-0.0074055,-0.010555
-0.0063792,0.0024309,0.010844,0.0051985,-0.0090662,-0.012891
-0.0076217,0.0029165,0.012973,0.0062096,-0.010878,-0.015429
-0.008955,0.0034414,0.015262,0.0072941,-0.012835,-0.018161
-0.010374,0.0040042,0.017705,0.0084481,-0.014935,-0.021079
-0.011875,0.0046039,0.020295,0.0096677,-0.017172,-0.024175
-0.013453,0.0052392,0.023023,0.010949,-0.019541,-0.027439
-0.015103,0.0059088,0.025884,0.012288,-0.022039,-0.030865
-0.016821,0.0066117,0.028869,0.013681,-0.02466,-0.034445
-0.018601,0.0073467,0.031973,0.015125,-0.027401,-0.03817
-0.020441,0.0081125,0.035187,0.016615,-0.030257,-0.042032
-0.022334,0.0089081,0.038506,0.018147,-0.033223,-0.046024
-0.024277,0.0097322,0.041921,0.019719,-0.036295,-0.050137
-0.026266,0.010584,0.045427,0.021326,-0.039469,-0.054365
-0.028296,0.011462,0.049017,0.022964,-0.04274,-0.058699
-0.030362,0.012365,0.052683,0.02463,-0.046104,-0.063131
-0.032461,0.013292,0.056419,0.026321,-0.049557,-0.067655
-0.034588,0.014242,0.060219,0.028032,-0.053094,-0.072263
-0.03674,0.015213,0.064076,0.029761,-0.056712,-0.076948
-0.038911,0.016206,0.067983,0.031503,-0.060405,-0.081702
-0.041099,0.017218,0.071935,0.033256,-0.06417,-0.086517
-0.0433,0.018249,0.075925,0.035016,-0.068003,-0.091388
-0.045508,0.019298,0.079946,0.036779,-0.071899,-0.096307
-0.047722,0.020363,0.083992,0.038542,-0.075854,-0.10127
-0.049936,0.021444,0.088058,0.040303,-0.079865,-0.10626
-0.052147,0.022539,0.092137,0.042057,-0.083927,-0.11128
-0.054352,0.023648,0.096223,0.043801,-0.088036,-0.11632
-0.056547,0.024769,0.10031,0.045533,-0.092188,-0.12138
-0.058729,0.025902,0.1044,0.04725,-0.096379,-0.12644
-0.060894,0.027046,0.10847,0.048947,-0.10061,-0.13151
-0.063039,0.028199,0.11253,0.050623,-0.10486,-0.13657
-0.06516,0.029362,0.11656,0.052275,-0.10915,-0.14162
-0.067255,0.030532,0.12058,0.053899,-0.11346,-0.14666
-0.069321,0.031709,0.12456,0.055492,-0.11779,-0.15167
-0.071354,0.032892,0.1285,0.057053,-0.12214,-0.15665
-0.073351,0.03408,0.1324,0.058577,-0.1265,-0.1616
-0.07531,0.035273,0.13625,0.060063,-0.13086,-0.16651
-0.077228,0.03647,0.14005,0.061509,-0.13524,-0.17138
-0.079103,0.037669,0.1438,0.06291,-0.13961,-0.1762
-0.080931,0.038871,0.14748,0.064266,-0.14399,-0.18096
-0.08271,0.040073,0.1511,0.065573,-0.14836,-0.18566
-0.084439,0.041276,0.15465,0.066829,-0.15272,-0.1903
-0.086114,0.042479,0.15812,0.068033,-0.15707,-0.19486
-0.087733,0.043681,0.16151,0.069181,-0.1614,-0.19936
-0.089294,0.044881,0.16482,0.070271,-0.16572,-0.20377
-0.090796,0.046079,0.16805,0.071302,-0.17001,-0.2081
-0.092236,0.047274,0.17118,0.072271,-0.17428,-0.21235
-0.093612,0.048465,0.17421,0.073177,-0.17852,-0.2165
-0.094923,0.049652,0.17715,0.074018,-0.18273,-0.22056
-0.096166,0.050834,0.17999,0.074791,-0.18691,-0.22452
-0.097342,0.05201,0.18272,0.075495,-0.19105,-0.22837
-0.098447,0.053181,0.18534,0.076128,-0.19515,-0.23213
-0.09948,0.054344,0.18785,0.076689,-0.19921,-0.23577
-0.10044,0.055501,0.19024,0.077176,-0.20322,-0.2393
-0.10133,0.056649,0.19251,0.077588,-0.20719,-0.24271
-0.10214,0.05779,0.19467,0.077923,-0.2111,-0.246
-0.10287,0.058922,0.19669,0.078179,-0.21496,-0.24918
-0.10353,0.060044,0.1986,0.078356,-0.21876,-0.25223
-0.10411,0.061157,0.20037,0.078453,-0.22251,-0.25515
-0.10462,0.06226,0.20201,0.078467,-0.22619,-0.25795
-0.10504,0.063353,0.20352,0.078399,-0.22981,-0.26061
-0.10538,0.064435,0.20489,0.078247,-0.23336,-0.26314
-0.10564,0.065505,0.20613,0.07801,-0.23685,-0.26554
-0.10583,0.066564,0.20722,0.077687,-0.24027,-0.26779
-0.10593,0.067611,0.20817,0.077278,-0.24361,-0.26992
-0.10595,0.068646,0.20898,0.076781,-0.24688,-0.2719
-0.10589,0.069668,0.20965,0.076197,-0.25007,-0.27373
-0.10575,0.070677,0.21016,0.075524,-0.25318,-0.27543
-0.10553,0.071673,0.21053,0.074762,-0.25621,-0.27698
-0.10522,0.072656,0.21076,0.073911,-0.25916,-0.27839
-0.10484,0.073625,0.21083,0.07297,-0.26202,-0.27965
-0.10437,0.074581,0.21075,0.071939,-0.2648,-0.28077
-0.10383,0.075522,0.21052,0.070818,-0.26749,-0.28174
-0.10321,0.07645,0.21014,0.069606,-0.27009,-0.28256
-0.10251,0.077362,0.2096,0.068304,-0.2726,-0.28324
-0.10173,0.078261,0.20891,0.066911,-0.27501,-0.28377
-0.10087,0.079145,0.20807,0.065427,-0.27733,-0.28415
-0.09994,0.080014,0.20708,0.063853,-0.27956,-0.28438
-0.098933,0.080868,0.20593,0.062188,-0.28169,-0.28447
-0.097851,0.081707,0.20462,0.060434,-0.28371,-0.28441
-0.096696,0.082531,0.20317,0.05859,-0.28564,-0.2842
-0.09547,0.08334,0.20156,0.056656,-0.28747,-0.28385
-0.094173,0.084134,0.19979,0.054634,-0.2892,-0.28335
-0.092806,0.084913,0.19788,0.052523,-0.29082,-0.28271
-0.091372,0.085676,0.19581,0.050324,-0.29234,-0.28193
-0.089871,0.086425,0.19359,0.048037,-0.29375,-0.281
-0.088305,0.087158,0.19122,0.045665,-0.29506,-0.27994
-0.086676,0.087876,0.1887,0.043206,-0.29626,-0.27873
-0.084985,0.088579,0.18603,0.040662,-0.29735,-0.27739
-0.083234,0.089267,0.18322,0.038034,-0.29834,-0.27591
-0.081425,0.08994,0.18026,0.035323,-0.29921,-0.2743
-0.07956,0.090598,0.17715,0.03253,-0.29998,-0.27255
-0.077641,0.091241,0.1739,0.029655,-0.30063,-0.27068
-0.075669,0.091869,0.17051,0.0267,-0.30118,-0.26867
-0.073647,0.092483,0.16697,0.023666,-0.30161,-0.26654
-0.071576,0.093082,0.1633,0.020555,-0.30194,-0.26428
-0.069459,0.093667,0.15949,0.017367,-0.30215,-0.2619
-0.067298,0.094237,0.15555,0.014103,-0.30225,-0.2594
-0.065096,0.094794,0.15147,0.010766,-0.30224,-0.25678
-0.062854,0.095336,0.14726,0.0073564,-0.30211,-0.25405
-0.060574,0.095864,0.14293,0.0038757,-0.30187,-0.2512
-0.05826,0.096379,0.13846,0.00032555,-0.30153,-0.24825
-0.055913,0.096881,0.13387,-0.0032925,-0.30106,-0.24519
-0.053536,0.097369,0.12916,-0.0069769,-0.30049,-0.24202
-0.051132,0.097844,0.12433,-0.010726,-0.29981,-0.23875
-0.048702,0.098306,0.11938,-0.014538,-0.29901,-0.23539
-0.04625,0.098755,0.11432,-0.018411,-0.2981,-0.23192
-0.043778,0.099192,0.10915,-0.022344,-0.29708,-0.22837
-0.041288,0.099617,0.10387,-0.026335,-0.29595,-0.22473
-0.038783,0.10003,0.098478,-0.030381,-0.29471,-0.221
-0.036266,0.10043,0.092986,-0.034481,-0.29336,-0.21719
-0.033739,0.10082,0.087393,-0.038634,-0.2919,-0.2133
-0.031205,0.1012,0.081703,-0.042836,-0.29033,-0.20933
-0.028666,0.10156,0.075919,-0.047086,-0.28865,-0.2053
-0.026126,0.10192,0.070044,-0.051383,-0.28687,-0.20119
-0.023587,0.10226,0.064081,-0.055723,-0.28498,-0.19702
-0.021051,0.1026,0.058033,-0.060106,-0.28298,-0.19279
-0.018522,0.10292,0.051904,-0.064528,-0.28088,-0.1885
-0.016001,0.10324,0.045697,-0.068988,-0.27867,-0.18415
-0.013493,0.10354,0.039414,-0.073483,-0.27636,-0.17975
-0.010998,0.10383,0.033061,-0.078012,-0.27395,-0.17531
-0.0085211,0.10412,0.026639,-0.082571,-0.27143,-0.17082
-0.0060635,0.1044,0.020154,-0.08716,-0.26882,-0.1663
-0.0036284,0.10466,0.013607,-0.091775,-0.2661,-0.16173
-0.0012183,0.10492,0.0070031,-0.096414,-0.26329,-0.15714
0.0011641,0.10517,0.00034547,-0.10108,-0.26038,-0.15251
0.0035162,0.10542,-0.0063622,-0.10576,-0.25738,-0.14787
0.0058353,0.10565,-0.013116,-0.11046,-0.25428,-0.1432
0.0081189,0.10588,-0.019913,-0.11517,-0.25109,-0.13851
0.010364,0.1061,-0.026749,-0.1199,-0.24781,-0.13381
0.012569,0.10631,-0.03362,-0.12463,-0.24443,-0.1291
0.014731,0.10652,-0.040523,-0.12938,-0.24097,-0.12439
0.016847,0.10672,-0.047454,-0.13413,-0.23742,-0.11967
0.018915,0.10691,-0.054408,-0.13888,-0.23378,-0.11495
0.020932,0.10709,-0.061384,-0.14363,-0.23006,-0.11024
0.022897,0.10727,-0.068375,-0.14839,-0.22626,-0.10554
0.024806,0.10745,-0.07538,-0.15314,-0.22237,-0.10085
0.026658,0.10762,-0.082393,-0.15788,-0.21841,-0.09618
0.02845,0.10778,-0.089412,-0.16261,-0.21436,-0.091528
0.030179,0.10794,-0.096432,-0.16734,-0.21025,-0.0869
0.031845,0.10809,-0.10345,-0.17205,-0.20605,-0.082299
0.033444,0.10824,-0.11046,-0.17674,-0.20179,-0.077728
0.034974,0.10838,-0.11746,-0.18141,-0.19745,-0.073192
0.036434,0.10851,-0.12445,-0.18607,-0.19304,-0.068693
0.037822,0.10865,-0.13142,-0.1907,-0.18857,-0.064236
0.039134,0.10877,-0.13837,-0.19531,-0.18403,-0.059823
0.040371,0.1089,-0.1453,-0.19989,-0.17943,-0.055458
0.041529,0.10902,-0.15219,-0.20443,-0.17476,-0.051143
0.042608,0.10913,-0.15906,-0.20895,-0.17004,-0.046883
0.043604,0.10924,-0.16589,-0.21343,-0.16525,-0.042681
0.044518,0.10935,-0.17268,-0.21788,-0.16042,-0.038539
0.045346,0.10945,-0.17942,-0.22228,-0.15552,-0.034461
0.046088,0.10955,-0.18612,-0.22665,-0.15058,-0.030449
0.046742,0.10964,-0.19277,-0.23097,-0.14559,-0.026506
0.047307,0.10974,-0.19937,-0.23525,-0.14055,-0.022636
0.047781,0.10982,-0.20591,-0.23947,-0.13546,-0.018841
0.048164,0.10991,-0.21239,-0.24365,-0.13033,-0.015124
0.048453,0.10998,-0.21881,-0.24778,-0.12516,-0.011487
0.048648,0.11006,-0.22515,-0.25185,-0.11995,-0.0079332
0.048748,0.11013,-0.23143,-0.25586,-0.1147,-0.0044649
0.048752,0.1102,-0.23764,-0.25982,-0.10942,-0.0010846
0.048659,0.11026,-0.24377,-0.26371,-0.1041,0.0022055
0.048468,0.11032,-0.24982,-0.26755,-0.098753,0.0054031
0.048179,0.11038,-0.25578,-0.27132,-0.093378,0.0085059
0.04779,0.11043,-0.26166,-0.27502,-0.087976,0.011512
0.047302,0.11048,-0.26745,-0.27865,-0.082551,0.014419
0.046713,0.11052,-0.27315,-0.28222,-0.077103,0.017226
0.046023,0.11056,-0.27876,-0.28571,-0.071636,0.01993
0.045233,0.1106,-0.28426,-0.28913,-0.066151,0.02253
0.044341,0.11063,-0.28967,-0.29247,-0.060651,0.025023
0.043347,0.11065,-0.29498,-0.29574,-0.055137,0.02741
0.042252,0.11067,-0.30017,-0.29893,-0.049613,0.029687
0.041055,0.11069,-0.30526,-0.30204,-0.04408,0.031854
0.039757,0.1107,-0.31025,-0.30506,-0.03854,0.033909
0.038357,0.1107,-0.31511,-0.308,-0.032997,0.035852
0.036856,0.1107,-0.31986,-0.31086,-0.027451,0.03768
0.035254,0.11069,-0.3245,-0.31363,-0.021905,0.039394
0.033552,0.11068,-0.32901,-0.31631,-0.016361,0.040991
0.031749,0.11066,-0.33341,-0.31891,-0.010822,0.042472
0.029847,0.11063,-0.33767,-0.32141,-0.0052892,0.043836
0.027846,0.1106,-0.34182,-0.32382,0.0002345,0.045082
0.025747,0.11056,-0.34583,-0.32614,0.0057472,0.046209
0.023551,0.11051,-0.34972,-0.32836,0.011247,0.047217
0.021258,0.11046,-0.35347,-0.33049,0.016731,0.048106
0.01887,0.11039,-0.35709,-0.33252,0.022198,0.048875
0.016387,0.11032,-0.36058,-0.33445,0.027645,0.049525
0.013811,0.11024,-0.36393,-0.33629,0.033071,0.050055
0.011142,0.11015,-0.36714,-0.33803,0.038473,0.050466
0.0083829,0.11005,-0.37021,-0.33966,0.043849,0.050757
0.0055342,0.10994,-0.37314,-0.34119,0.049197,0.050929
0.0025974,0.10983,-0.37593,-0.34263,0.054515,0.050983
-0.00042598,0.1097,-0.37858,-0.34396,0.059801,0.050918
-0.0035343,0.10956,-0.38109,-0.34518,0.065054,0.050735
-0.006726,0.10941,-0.38345,-0.3463,0.07027,0.050435
-0.0099993,0.10925,-0.38566,-0.34732,0.075448,0.050019
-0.013352,0.10907,-0.38773,-0.34823,0.080586,0.049487
-0.016783,0.10889,-0.38965,-0.34903,0.085682,0.048841
-0.02029,0.10869,-0.39142,-0.34973,0.090735,0.048081
-0.023871,0.10848,-0.39304,-0.35033,0.095742,0.047209
-0.027523,0.10825,-0.39452,-0.35081,0.1007,0.046225
-0.031246,0.10801,-0.39584,-0.35119,0.10561,0.045131
-0.035036,0.10776,-0.39702,-0.35146,0.11047,0.043929
-0.03889,0.10749,-0.39805,-0.35162,0.11527,0.04262
-0.042808,0.1072,-0.39892,-0.35168,0.12003,0.041206
-0.046786,0.1069,-0.39965,-0.35162,0.12472,0.039687
-0.050822,0.10659,-0.40023,-0.35146,0.12936,0.038066
-0.054914,0.10625,-0.40066,-0.35119,0.13393,0.036345
-0.059058,0.1059,-0.40093,-0.35081,0.13845,0.034525
-0.063253,0.10553,-0.40106,-0.35033,0.1429,0.032609
-0.067495,0.10515,-0.40104,-0.34973,0.14728,0.030599
-0.071781,0.10474,-0.40087,-0.34903,0.1516,0.028496
-0.07611,0.10432,-0.40056,-0.34823,0.15585,0.026303
-0.080478,0.10388,-0.40009,-0.34731,0.16004,0.024022
-0.084882,0.10341,-0.39948,-0.34629,0.16415,0.021656
-0.089319,0.10293,-0.39872,-0.34516,0.16819,0.019206
-0.093786,0.10242,-0.39782,-0.34393,0.17215,0.016676
-0.098281,0.1019,-0.39677,-0.34259,0.17604,0.014068
-0.1028,0.10135,-0.39558,-0.34115,0.17986,0.011384
-0.10734,0.10078,-0.39425,-0.3396,0.18359,0.008627
-0.1119,0.10018,-0.39277,-0.33795,0.18725,0.0058001
-0.11647,0.099564,-0.39116,-0.3362,0.19082,0.0029059
-0.12105,0.098923,-0.3894,-0.33435,0.19432,-5.2875e-05
-0.12565,0.098257,-0.38751,-0.33239,0.19773,-0.0030733
-0.13025,0.097567,-0.38549,-0.33034,0.20106,-0.0061524
-0.13485,0.096851,-0.38332,-0.32818,0.2043,-0.0092873
-0.13944,0.096109,-0.38103,-0.32593,0.20746,-0.012475
-0.14404,0.095341,-0.3786,-0.32358,0.21053,-0.015712
-0.14862,0.094547,-0.37605,-0.32113,0.21351,-0.018996
-0.1532,0.093725,-0.37336,-0.31859,0.21641,-0.022323
-0.15776,0.092876,-0.37055,-0.31595,0.21921,-0.02569
-0.1623,0.091999,-0.36762,-0.31323,0.22193,-0.029095
-0.16682,0.091093,-0.36456,-0.3104,0.22455,-0.032533
-0.17131,0.090159,-0.36138,-0.30749,0.22708,-0.036001
-0.17578,0.089195,-0.35808,-0.30449,0.22952,-0.039497
-0.18021,0.088202,-0.35467,-0.3014,0.23186,-0.043017
-0.18461,0.087179,-0.35114,-0.29822,0.23411,-0.046557
-0.18897,0.086125,-0.3475,-0.29496,0.23626,-0.050114
-0.19329,0.085041,-0.34375,-0.29162,0.23832,-0.053685
-0.19756,0.083925,-0.33989,-0.28819,0.24028,-0.057266
-0.20179,0.082778,-0.33593,-0.28468,0.24215,-0.060855
-0.20596,0.081599,-0.33186,-0.28109,0.24392,-0.064446
-0.21008,0.080388,-0.32769,-0.27742,0.24559,-0.068038
-0.21414,0.079144,-0.32343,-0.27367,0.24717,-0.071627
-0.21813,0.077868,-0.31907,-0.26985,0.24864,-0.075209
-0.22207,0.076558,-0.31461,-0.26596,0.25002,-0.078781
-0.22593,0.075216,-0.31007,-0.262,0.2513,-0.082339
-0.22972,0.073839,-0.30543,-0.25796,0.25248,-0.085881
-0.23344,0.072429,-0.30072,-0.25386,0.25357,-0.089402
-0.23707,0.070984,-0.29591,-0.24969,0.25455,-0.0929
-0.24063,0.069506,-0.29103,-0.24545,0.25543,-0.09637
-0.2441,0.067992,-0.28608,-0.24116,0.25622,-0.09981
-0.24749,0.066444,-0.28104,-0.2368,0.2569,-0.10322
-0.25078,0.064861,-0.27594,-0.23238,0.25749,-0.10659
-0.25398,0.063243,-0.27077,-0.2279,0.25798,-0.10991
-0.25709,0.06159,-0.26553,-0.22337,0.25837,-0.1132
-0.26009,0.059902,-0.26023,-0.21878,0.25866,-0.11644
-0.263,0.058178,-0.25487,-0.21414,0.25885,-0.11963
-0.2658,0.056418,-0.24945,-0.20945,0.25895,-0.12276
-0.26849,0.054623,-0.24398,-0.20471,0.25894,-0.12584
-0.27107,0.052792,-0.23845,-0.19993,0.25884,-0.12886
-0.27353,0.050926,-0.23288,-0.1951,0.25864,-0.13182
-0.27589,0.049024,-0.22726,-0.19023,0.25835,-0.13471
-0.27812,0.047086,-0.2216,-0.18532,0.25795,-0.13754
-0.28023,0.045113,-0.2159,-0.18037,0.25747,-0.14029
-0.28222,0.043104,-0.21017,-0.17538,0.25689,-0.14297
-0.28409,0.041059,-0.2044,-0.17036,0.25621,-0.14558
-0.28583,0.038979,-0.1986,-0.1653,0.25544,-0.1481
-0.28743,0.036864,-0.19277,-0.16022,0.25457,-0.15054
-0.28891,0.034713,-0.18692,-0.1551,0.25361,-0.1529
-0.29025,0.032527,-0.18104,-0.14996,0.25257,-0.15517
-0.29146,0.030307,-0.17515,-0.1448,0.25142,-0.15735
-0.29253,0.028052,-0.16924,-0.13961,0.25019,-0.15944
-0.29346,0.025762,-0.16332,-0.1344,0.24887,-0.16143
-0.29425,0.023438,-0.15739,-0.12917,0.24746,-0.16333
-0.29489,0.02108,-0.15145,-0.12393,0.24597,-0.16513
-0.29539,0.018688,-0.14551,-0.11867,0.24438,-0.16683
-0.29575,0.016263,-0.13957,-0.11339,0.24271,-0.16842
-0.29595,0.013804,-0.13363,-0.10811,0.24096,-0.16992
-0.29601,0.011313,-0.12769,-0.10282,0.23912,-0.1713
-0.29592,0.0087898,-0.12176,-0.097522,0.2372,-0.17258
-0.29568,0.0062344,-0.11584,-0.092218,0.23519,-0.17374
-0.29529,0.0036473,-0.10994,-0.086912,0.23311,-0.17479
-0.29474,0.0010291,-0.10405,-0.081605,0.23095,-0.17574
-0.29404,-0.0016198,-0.098179,-0.076299,0.2287,-0.17656
-0.29319,-0.0042989,-0.09233,-0.070995,0.22639,-0.17727
-0.29218,-0.0070077,-0.086506,-0.065697,0.22399,-0.17786
-0.29101,-0.0097456,-0.080708,-0.060405,0.22152,-0.17834
-0.28969,-0.012512,-0.07494,-0.055122,0.21898,-0.17869
-0.28821,-0.015307,-0.069204,-0.049849,0.21637,-0.17892
-0.28657,-0.018129,-0.063502,-0.044589,0.21368,-0.17903
-0.28478,-0.020978,-0.057838,-0.039342,0.21093,-0.17902
-0.28283,-0.023853,-0.052213,-0.034112,0.20811,-0.17889
-0.28072,-0.026754,-0.04663,-0.028899,0.20522,-0.17863
-0.27846,-0.02968,-0.041092,-0.023705,0.20227,-0.17825
-0.27603,-0.03263,-0.035601,-0.018533,0.19926,-0.17774
-0.27345,-0.035603,-0.030159,-0.013384,0.19618,-0.17711
-0.27072,-0.038599,-0.024768,-0.0082597,0.19304,-0.17636
-0.26783,-0.041617,-0.019431,-0.0031615,0.18985,-0.17548
-0.26478,-0.044656,-0.01415,0.0019087,0.1866,-0.17447
-0.26158,-0.047715,-0.0089275,0.0069492,0.18329,-0.17334
-0.25822,-0.050794,-0.0037648,0.011958,0.17993,-0.17208
-0.25472,-0.053892,0.0013358,0.016935,0.17651,-0.1707
-0.25106,-0.057007,0.0063721,0.021877,0.17305,-0.16919
-0.24724,-0.060139,0.011342,0.026783,0.16954,-0.16756
-0.24328,-0.063288,0.016244,0.031652,0.16598,-0.16581
-0.23917,-0.066451,0.021077,0.036482,0.16237,-0.16393
-0.23492,-0.069628,0.025837,0.041271,0.15872,-0.16193
-0.23052,-0.072819,0.030524,0.046019,0.15503,-0.15981
-0.22597,-0.076022,0.035136,0.050723,0.1513,-0.15757
-0.22128,-0.079236,0.039672,0.055383,0.14753,-0.15522
-0.21645,-0.08246,0.044128,0.059997,0.14372,-0.15274
-0.21148,-0.085693,0.048506,0.064565,0.13988,-0.15015
-0.20638,-0.088934,0.052801,0.069083,0.136,-0.14744
-0.20114,-0.092182,0.057014,0.073552,0.1321,-0.14462
-0.19577,-0.095436,0.061143,0.07797,0.12816,-0.14169
-0.19027,-0.098695,0.065187,0.082337,0.1242,-0.13864
-0.18463,-0.10196,0.069144,0.08665,0.12021,-0.13549
-0.17888,-0.10522,0.073014,0.090909,0.1162,-0.13223
-0.173,-0.10849,0.076794,0.095112,0.11216,-0.12887
-0.167,-0.11176,0.080485,0.09926,0.1081,-0.1254
-0.16088,-0.11502,0.084085,0.10335,0.10403,-0.12183
-0.15464,-0.11829,0.087593,0.10738,0.099937,-0.11817
-0.1483,-0.12155,0.091008,0.11135,0.095831,-0.11441
-0.14184,-0.1248,0.09433,0.11527,0.091711,-0.11055
-0.13528,-0.12805,0.097557,0.11912,0.087581,-0.1066
-0.12861,-0.1313,0.10069,0.12291,0.083441,-0.10257
-0.12184,-0.13453,0.10373,0.12663,0.079294,-0.098444
-0.11498,-0.13776,0.10667,0.1303,0.075141,-0.094239
-0.10802,-0.14097,0.10951,0.1339,0.070984,-0.089952
-0.10097,-0.14418,0.11226,0.13743,0.066825,-0.085588
-0.093836,-0.14737,0.11491,0.1409,0.062667,-0.081149
-0.086616,-0.15054,0.11746,0.14431,0.058509,-0.076639
-0.079315,-0.1537,0.11992,0.14765,0.054356,-0.072059
-0.071938,-0.15685,0.12227,0.15092,0.050208,-0.067414
-0.064487,-0.15997,0.12453,0.15412,0.046067,-0.062707
-0.056968,-0.16308,0.12669,0.15726,0.041935,-0.057941
-0.049383,-0.16616,0.12875,0.16032,0.037813,-0.053118
-0.041736,-0.16922,0.13071,0.16332,0.033705,-0.048244
-0.034032,-0.17226,0.13258,0.16625,0.02961,-0.043321
-0.026273,-0.17528,0.13434,0.16911,0.025532,-0.038353
-0.018465,-0.17826,0.13601,0.1719,0.021471,-0.033342
-0.010611,-0.18123,0.13758,0.17462,0.01743,-0.028294
-0.0027152,-0.18416,0.13906,0.17727,0.013411,-0.023212
0.0052183,-0.18706,0.14043,0.17985,0.0094141,-0.018098
0.013185,-0.18993,0.14171,0.18236,0.0054421,-0.012958
0.021181,-0.19277,0.14289,0.1848,0.0014965,-0.0077954
0.029203,-0.19557,0.14398,0.18717,-0.0024211,-0.0026131
0.037245,-0.19834,0.14498,0.18946,-0.006309,0.0025844
0.045304,-0.20107,0.14587,0.19169,-0.010166,0.0077932
0.053374,-0.20377,0.14668,0.19385,-0.013989,0.013009
0.061453,-0.20643,0.14739,0.19593,-0.017779,0.018229
0.069536,-0.20904,0.14801,0.19795,-0.021532,0.023448
0.077617,-0.21162,0.14854,0.1999,-0.025247,0.028662
0.085694,-0.21415,0.14898,0.20177,-0.028924,0.033868
0.09376,-0.21664,0.14933,0.20358,-0.032559,0.03906
0.10181,-0.21908,0.14959,0.20531,-0.036153,0.044236
0.10985,-0.22148,0.14977,0.20698,-0.039703,0.049391
0.11786,-0.22382,0.14985,0.20858,-0.043208,0.05452
0.12584,-0.22612,0.14986,0.21011,-0.046666,0.05962
0.1338,-0.22837,0.14978,0.21157,-0.050077,0.064687
0.14171,-0.23057,0.14961,0.21296,-0.053439,0.069716
0.14959,-0.23272,0.14937,0.21429,-0.056749,0.074703
0.15742,-0.23481,0.14904,0.21554,-0.060009,0.079645
0.1652,-0.23685,0.14864,0.21673,-0.063214,0.084536
0.17293,-0.23883,0.14815,0.21786,-0.066366,0.089373
0.1806,-0.24076,0.1476,0.21892,-0.069462,0.094152
0.1882,-0.24263,0.14696,0.21991,-0.072501,0.098869
0.19574,-0.24444,0.14626,0.22084,-0.075482,0.10352
0.20321,-0.24619,0.14548,0.22171,-0.078404,0.1081
0.21061,-0.24788,0.14463,0.22251,-0.081266,0.1126
0.21792,-0.24951,0.14372,0.22325,-0.084066,0.11703
0.22515,-0.25107,0.14273,0.22393,-0.086804,0.12137
0.23229,-0.25257,0.14168,0.22454,-0.089479,0.12563
0.23934,-0.25401,0.14057,0.2251,-0.092089,0.1298
0.2463,-0.25538,0.1394,0.2256,-0.094634,0.13387
0.25315,-0.25668,0.13816,0.22603,-0.097112,0.13785
0.2599,-0.25792,0.13687,0.22641,-0.099524,0.14172
0.26654,-0.25909,0.13552,0.22673,-0.10187,0.14549
0.27307,-0.26018,0.13411,0.227,-0.10414,0.14915
0.27948,-0.26121,0.13265,0.2272,-0.10635,0.15269
0.28577,-0.26217,0.13114,0.22736,-0.10848,0.15612
0.29194,-0.26306,0.12958,0.22746,-0.11054,0.15943
0.29798,-0.26388,0.12797,0.2275,-0.11254,0.16262
0.30389,-0.26462,0.12631,0.22749,-0.11445,0.16568
0.30966,-0.26529,0.12462,0.22744,-0.1163,0.1686
0.3153,-0.26589,0.12287,0.22733,-0.11807,0.1714
0.32079,-0.26641,0.12109,0.22717,-0.11977,0.17406
0.32614,-0.26686,0.11927,0.22696,-0.12139,0.17658
0.33134,-0.26723,0.11741,0.22671,-0.12294,0.17895
0.33639,-0.26752,0.11552,0.2264,-0.12441,0.18118
0.34129,-0.26774,0.11359,0.22606,-0.12581,0.18326
0.34603,-0.26788,0.11163,0.22566,-0.12713,0.18519
0.3506,-0.26795,0.10964,0.22523,-0.12837,0.18696
0.35502,-0.26793,0.10763,0.22475,-0.12954,0.18858
0.35926,-0.26784,0.10559,0.22422,-0.13062,0.19004
0.36334,-0.26767,0.10352,0.22366,-0.13163,0.19133
0.36725,-0.26743,0.10144,0.22306,-0.13257,0.19246
0.37098,-0.2671,0.09933,0.22242,-0.13342,0.19342
0.37453,-0.26669,0.097206,0.22174,-0.1342,0.19422
0.37791,-0.26621,0.095065,0.22103,-0.1349,0.19484
0.3811,-0.26565,0.09291,0.22027,-0.13552,0.19529
0.38412,-0.265,0.090742,0.21949,-0.13606,0.19557
0.38694,-0.26428,0.088564,0.21867,-0.13652,0.19566
0.38958,-0.26348,0.086377,0.21782,-0.13691,0.19558
0.39203,-0.2626,0.084182,0.21693,-0.13721,0.19532
0.39428,-0.26164,0.081982,0.21602,-0.13744,0.19488
0.39635,-0.2606,0.079779,0.21508,-0.1376,0.19425
0.39821,-0.25948,0.077573,0.21411,-0.13767,0.19344
0.39989,-0.25828,0.075368,0.21311,-0.13767,0.19244
0.40136,-0.257,0.073164,0.21208,-0.13759,0.19126
0.40264,-0.25564,0.070964,0.21103,-0.13743,0.18989
0.40372,-0.25421,0.068769,0.20996,-0.1372,0.18833
0.4046,-0.2527,0.06658,0.20886,-0.13689,0.18658
0.40527,-0.25111,0.0644,0.20774,-0.1365,0.18465
0.40575,-0.24944,0.062229,0.20659,-0.13604,0.18252
0.40602,-0.2477,0.06007,0.20543,-0.13551,0.1802
0.40608,-0.24588,0.057924,0.20425,-0.1349,0.17769
0.40595,-0.24398,0.055793,0.20305,-0.13421,0.17499
0.40561,-0.24201,0.053678,0.20183,-0.13346,0.1721
0.40506,-0.23996,0.05158,0.2006,-0.13263,0.16901
0.40431,-0.23784,0.049501,0.19935,-0.13173,0.16574
0.40335,-0.23564,0.047443,0.19809,-0.13076,0.16228
0.4022,-0.23338,0.045407,0.19681,-0.12972,0.15862
0.40083,-0.23104,0.043393,0.19553,-0.12861,0.15478
0.39926,-0.22862,0.041404,0.19422,-0.12743,0.15075
0.39749,-0.22614,0.039441,0.19291,-0.12618,0.14653
0.39552,-0.22359,0.037505,0.19159,-0.12486,0.14213
0.39334,-0.22097,0.035596,0.19026,-0.12348,0.13753
0.39097,-0.21828,0.033718,0.18892,-0.12203,0.13276
0.38839,-0.21552,0.031869,0.18758,-0.12052,0.1278
0.38561,-0.2127,0.030053,0.18623,-0.11895,0.12266
0.38264,-0.20981,0.028269,0.18487,-0.11731,0.11734
0.37946,-0.20685,0.026519,0.18351,-0.11561,0.11184
0.3761,-0.20384,0.024803,0.18214,-0.11385,0.10617
0.37254,-0.20076,0.023123,0.18077,-0.11203,0.10032
0.36878,-0.19762,0.02148,0.1794,-0.11015,0.094297
0.36484,-0.19442,0.019874,0.17803,-0.10821,0.088105
0.36071,-0.19116,0.018307,0.17665,-0.10622,0.081744
0.35639,-0.18784,0.016779,0.17528,-0.10418,0.075218
0.35188,-0.18446,0.01529,0.17391,-0.10207,0.068529
0.3472,-0.18103,0.013842,0.17253,-0.099921,0.061679
0.34233,-0.17755,0.012435,0.17116,-0.097716,0.054671
0.33729,-0.17402,0.011071,0.16979,-0.09546,0.047508
0.33207,-0.17043,0.0097483,0.16843,-0.093156,0.040193
0.32667,-0.16679,0.0084691,0.16707,-0.090804,0.032729
0.32111,-0.1631,0.0072333,0.16571,-0.088406,0.025119
0.31538,-0.15937,0.0060417,0.16435,-0.085962,0.017366
0.30949,-0.15559,0.0048944,0.16301,-0.083475,0.0094746
0.30343,-0.15177,0.0037921,0.16167,-0.080946,0.0014473
0.29722,-0.14791,0.0027349,0.16033,-0.078376,-0.0067122
0.29085,-0.144,0.0017232,0.159,-0.075766,-0.015
0.28433,-0.14005,0.00075729,0.15768,-0.073118,-0.023413
0.27766,-0.13607,-0.00016262,0.15637,-0.070433,-0.031946
0.27085,-0.13205,-0.0010364,0.15506,-0.067713,-0.040596
0.26389,-0.12799,-0.0018638,0.15377,-0.064959,-0.04936
0.2568,-0.1239,-0.0026447,0.15248,-0.062173,-0.058231
0.24957,-0.11978,-0.0033792,0.1512,-0.059356,-0.067207
0.24222,-0.11563,-0.0040672,0.14993,-0.05651,-0.076284
0.23473,-0.11145,-0.0047087,0.14868,-0.053636,-0.085456
0.22713,-0.10725,-0.0053038,0.14743,-0.050736,-0.094719
0.2194,-0.10302,-0.0058525,0.14619,-0.04781,-0.10407
0.21156,-0.098768,-0.006355,0.14497,-0.044862,-0.1135
0.20361,-0.094493,-0.0068115,0.14375,-0.041892,-0.12301
0.19556,-0.0902,-0.0072222,0.14255,-0.038901,-0.13259
0.1874,-0.085889,-0.0075873,0.14136,-0.035892,-0.14224
0.17915,-0.081561,-0.0079072,0.14018,-0.032866,-0.15195
0.1708,-0.07722,-0.008182,0.13902,-0.029825,-0.16172
0.16237,-0.072866,-0.0084123,0.13786,-0.02677,-0.17155
0.15385,-0.068502,-0.0085984,0.13672,-0.023702,-0.18142
0.14525,-0.064129,-0.0087407,0.13559,-0.020624,-0.19133
0.13658,-0.059749,-0.0088396,0.13447,-0.017536,-0.20128
0.12784,-0.055364,-0.0088958,0.13337,-0.014441,-0.21127
0.11903,-0.050976,-0.0089097,0.13228,-0.01134,-0.22128
0.11016,-0.046587,-0.0088819,0.1312,-0.0082342,-0.23131
0.10124,-0.042198,-0.0088129,0.13013,-0.0051259,-0.24136
0.092267,-0.037811,-0.0087035,0.12908,-0.0020164,-0.25142
0.083247,-0.033429,-0.0085543,0.12804,0.0010928,-0.26148
0.074187,-0.029054,-0.0083658,0.12702,0.0042001,-0.27155
0.065091,-0.024686,-0.008139,0.126,0.0073038,-0.28161
0.055964,-0.020328,-0.0078745,0.125,0.010402,-0.29166
0.046811,-0.015982,-0.007573,0.12401,0.013494,-0.30169
0.037638,-0.011649,-0.0072355,0.12304,0.016578,-0.3117
0.028448,-0.0073319,-0.0068626,0.12208,0.019652,-0.32168
0.019248,-0.0030323,-0.0064553,0.12113,0.022715,-0.33163
0.010042,0.0012482,-0.0060145,0.12019,0.025765,-0.34155
0.00083525,0.0055076,-0.0055409,0.11926,0.0288,-0.35141
-0.0083669,0.0097442,-0.0050356,0.11835,0.03182,-0.36123
-0.01756,0.013956,-0.0044996,0.11745,0.034822,-0.37099
-0.026738,0.018141,-0.0039336,0.11656,0.037805,-0.38069
-0.035896,0.022298,-0.0033388,0.11568,0.040768,-0.39033
-0.045029,0.026425,-0.0027161,0.11481,0.043709,-0.39989
-0.054133,0.030519,-0.0020666,0.11396,0.046627,-0.40937
-0.063202,0.03458,-0.0013913,0.11311,0.04952,-0.41877
-0.072231,0.038606,-0.00069118,0.11228,0.052386,-0.42809
-0.081215,0.042594,3.2621e-05,0.11146,0.055225,-0.43731
-0.090148,0.046543,0.00077904,0.11064,0.058035,-0.44643
-0.099027,0.050451,0.001547,0.10984,0.060815,-0.45544
-0.10785,0.054317,0.0023353,0.10905,0.063562,-0.46434
-0.1166,0.058139,0.003143,0.10826,0.066277,-0.47313
-0.12529,0.061915,0.0039688,0.10749,0.068957,-0.4818
-0.1339,0.065644,0.0048117,0.10672,0.071601,-0.49034
-0.14243,0.069323,0.0056705,0.10596,0.074208,-0.49875
-0.15087,0.072952,0.006544,0.10521,0.076777,-0.50702
-0.15923,0.076528,0.0074312,0.10447,0.079305,-0.51515
-0.1675,0.080051,0.0083307,0.10373,0.081794,-0.52314
-0.17566,0.083518,0.0092415,0.10301,0.084239,-0.53097
-0.18372,0.086928,0.010162,0.10229,0.086642,-0.53865
-0.19168,0.09028,0.011092,0.10157,0.089,-0.54616
-0.19953,0.093573,0.01203,0.10086,0.091313,-0.55351
-0.20725,0.096803,0.012974,0.10016,0.093578,-0.56069
-0.21486,0.099972,0.013924,0.09946,0.095796,-0.56769
-0.22234,0.10308,0.014877,0.098767,0.097965,-0.57451
-0.2297,0.10611,0.015834,0.098078,0.10008,-0.58115
-0.23692,0.10909,0.016793,0.097394,0.10215,-0.5876
-0.244,0.11199,0.017753,0.096713,0.10417,-0.59385
-0.25095,0.11482,0.018712,0.096036,0.10613,-0.59991
-0.25774,0.11759,0.019669,0.095361,0.10804,-0.60576
-0.26439,0.12028,0.020624,0.09469,0.10989,-0.61141
-0.27089,0.1229,0.021575,0.09402,0.11169,-0.61685
-0.27723,0.12545,0.022521,0.093352,0.11343,-0.62208
-0.28341,0.12792,0.023461,0.092686,0.11512,-0.62709
-0.28942,0.13031,0.024394,0.092021,0.11674,-0.63188
-0.29527,0.13263,0.025319,0.091356,0.11831,-0.63644
-0.30095,0.13487,0.026234,0.090692,0.11982,-0.64077
-0.30645,0.13702,0.027139,0.090028,0.12126,-0.64488
-0.31178,0.1391,0.028033,0.089363,0.12265,-0.64875
-0.31693,0.1411,0.028914,0.088697,0.12397,-0.65238
-0.3219,0.14302,0.029782,0.08803,0.12523,-0.65577
-0.32668,0.14485,0.030635,0.087361,0.12643,-0.65892
-0.33128,0.1466,0.031472,0.086691,0.12757,-0.66182
-0.33568,0.14827,0.032294,0.086018,0.12864,-0.66447
-0.33989,0.14985,0.033097,0.085343,0.12964,-0.66687
-0.3439,0.15135,0.033883,0.084664,0.13058,-0.66902
-0.34772,0.15276,0.034649,0.083982,0.13146,-0.67091
-0.35134,0.15409,0.035396,0.083296,0.13227,-0.67254
-0.35475,0.15532,0.036121,0.082607,0.13301,-0.67391
-0.35796,0.15647,0.036825,0.081913,0.13368,-0.67503
-0.36097,0.15754,0.037506,0.081214,0.13429,-0.67587
-0.36376,0.15851,0.038164,0.08051,0.13483,-0.67646
-0.36635,0.15939,0.038797,0.0798,0.13531,-0.67677
-0.36873,0.16019,0.039406,0.079086,0.13571,-0.67682
-0.3709,0.1609,0.039989,0.078365,0.13605,-0.6766
-0.37285,0.16151,0.040546,0.077638,0.13632,-0.6761
-0.37459,0.16204,0.041076,0.076904,0.13653,-0.67534
-0.37611,0.16248,0.041578,0.076164,0.13666,-0.67431
-0.37742,0.16283,0.042052,0.075416,0.13673,-0.673
-0.37851,0.16309,0.042498,0.074662,0.13672,-0.67142
-0.37938,0.16325,0.042914,0.073899,0.13665,-0.66956
-0.38004,0.16333,0.0433,0.073129,0.13652,-0.66743
-0.38047,0.16332,0.043656,0.072351,0.13631,-0.66503
-0.38069,0.16322,0.043981,0.071565,0.13603,-0.66236
-0.38069,0.16303,0.044275,0.07077,0.13569,-0.65941
-0.38047,0.16275,0.044538,0.069967,0.13528,-0.65619
-0.38003,0.16238,0.044768,0.069155,0.13481,-0.65269
-0.37937,0.16193,0.044966,0.068334,0.13426,-0.64893
-0.3785,0.16138,0.045132,0.067504,0.13365,-0.64489
-0.37741,0.16075,0.045264,0.066664,0.13297,-0.64058
-0.3761,0.16003,0.045363,0.065815,0.13223,-0.63601
-0.37457,0.15922,0.045429,0.064957,0.13142,-0.63116
-0.37283,0.15833,0.045462,0.064089,0.13055,-0.62605
-0.37087,0.15735,0.04546,0.063211,0.12961,-0.62068
-0.36871,0.15628,0.045425,0.062323,0.1286,-0.61504
-0.36633,0.15513,0.045356,0.061425,0.12754,-0.60914
-0.36374,0.1539,0.045252,0.060518,0.1264,-0.60298
-0.36094,0.15258,0.045115,0.0596,0.12521,-0.59656
-0.35793,0.15118,0.044944,0.058672,0.12396,-0.58989
-0.35471,0.1497,0.044738,0.057733,0.12264,-0.58296
-0.3513,0.14814,0.044499,0.056785,0.12126,-0.57579
-0.34768,0.1465,0.044226,0.055826,0.11982,-0.56836
-0.34386,0.14478,0.043919,0.054857,0.11833,-0.56069
-0.33984,0.14298,0.043578,0.053878,0.11677,-0.55278
-0.33563,0.14111,0.043204,0.052888,0.11516,-0.54463
-0.33123,0.13916,0.042797,0.051889,0.11348,-0.53624
-0.32663,0.13713,0.042357,0.050879,0.11176,-0.52762
-0.32185,0.13503,0.041885,0.049859,0.10998,-0.51877
-0.31688,0.13286,0.041379,0.048829,0.10814,-0.5097
-0.31173,0.13062,0.040842,0.047789,0.10625,-0.5004
-0.3064,0.1283,0.040274,0.046739,0.10431,-0.49088
-0.30089,0.12592,0.039674,0.045679,0.10231,-0.48115
-0.29521,0.12347,0.039043,0.04461,0.10027,-0.47121
-0.28936,0.12096,0.038381,0.043531,0.098172,-0.46106
-0.28335,0.11838,0.03769,0.042443,0.096029,-0.4507
-0.27717,0.11574,0.03697,0.041345,0.093839,-0.44015
-0.27083,0.11303,0.03622,0.040238,0.091602,-0.42941
-0.26434,0.11027,0.035442,0.039122,0.08932,-0.41847
-0.25769,0.10744,0.034637,0.037997,0.086994,-0.40735
-0.2509,0.10456,0.033804,0.036863,0.084625,-0.39605
-0.24396,0.10162,0.032944,0.035721,0.082214,-0.38458
-0.23688,0.098632,0.032059,0.034571,0.079762,-0.37293
-0.22966,0.095588,0.031149,0.033413,0.077271,-0.36112
-0.22232,0.092493,0.030214,0.032246,0.074742,-0.34915
-0.21484,0.089349,0.029255,0.031072,0.072176,-0.33702
-0.20724,0.086157,0.028273,0.029891,0.069574,-0.32474
-0.19953,0.082919,0.027269,0.028702,0.066938,-0.31232
-0.19169,0.079637,0.026243,0.027506,0.064269,-0.29976
-0.18375,0.076312,0.025196,0.026304,0.061569,-0.28707
-0.1757,0.072947,0.02413,0.025095,0.058838,-0.27425
-0.16755,0.069543,0.023044,0.02388,0.056077,-0.2613
-0.1593,0.066102,0.021941,0.022659,0.05329,-0.24824
-0.15097,0.062626,0.020819,0.021432,0.050476,-0.23507
-0.14254,0.059116,0.019682,0.0202,0.047637,-0.22179
-0.13403,0.055575,0.018529,0.018962,0.044774,-0.20842
-0.12545,0.052005,0.017361,0.01772,0.04189,-0.19495
-0.11679,0.048406,0.016179,0.016474,0.038984,-0.18139
-0.10807,0.044783,0.014984,0.015223,0.03606,-0.16775
-0.099284,0.041135,0.013778,0.013968,0.033118,-0.15404
-0.090441,0.037465,0.01256,0.01271,0.030159,-0.14026
-0.081546,0.033776,0.011333,0.011448,0.027186,-0.12641
-0.072604,0.030068,0.010097,0.010184,0.024199,-0.11251
-0.06362,0.026345,0.0088521,0.0089166,0.0212,-0.098555
-0.054599,0.022607,0.0076007,0.0076471,0.018191,-0.084558
-0.045548,0.018858,0.0063431,0.0063757,0.015173,-0.070523
-0.03647,0.015098,0.0050806,0.0051025,0.012147,-0.056457
-0.027371,0.011331,0.003814,0.0038281,0.0091158,-0.042365
-0.018256,0.0075571,0.0025443,0.0025526,0.0060797,-0.028254
-0.0091305,0.0037796,0.0012727,0.0012765,0.0030406,-0.01413
-5.8725e-16,1.1141e-15,-8.2379e-15,3.2895e-16,8.4568e-15,-1.0698e-15
0.0091305,-0.0037796,-0.0012727,-0.0012765,-0.0030406,0.01413
0.018256,-0.0075571,-0.0025443,-0.0025526,-0.0060797,0.028254
0.027371,-0.011331,-0.003814,-0.0038281,-0.0091158,0.042365
0.03647,-0.015098,-0.0050806,-0.0051025,-0.012147,0.056457
0.045548,-0.018858,-0.0063431,-0.0063757,-0.015173,0.070523
0.054599,-0.022607,-0.0076007,-0.0076471,-0.018191,0.084558
0.06362,-0.026345,-0.0088521,-0.0089166,-0.0212,0.098555
0.072604,-0.030068,-0.010097,-0.010184,-0.024199,0.11251
0.081546,-0.033776,-0.011333,-0.011448,-0.027186,0.12641
0.090441,-0.037465,-0.01256,-0.01271,-0.030159,0.14026
0.099284,-0.041135,-0.013778,-0.013968,-0.033118,0.15404
0.10807,-0.044783,-0.014984,-0.015223,-0.03606,0.16775
0.11679,-0.048406,-0.016179,-0.016474,-0.038984,0.18139
0.12545,-0.052005,-0.017361,-0.01772,-0.04189,0.19495
0.13403,-0.055575,-0.018529,-0.018962,-0.044774,0.20842
0.14254,-0.059116,-0.019682,-0.0202,-0.047637,0.22179
0.15097,-0.062626,-0.020819,-0.021432,-0.050476,0.23507
0.1593,-0.066102,-0.021941,-0.022659,-0.05329,0.24824
0.16755,-0.069543,-0.023044,-0.02388,-0.056077,0.2613
0.1757,-0.072947,-0.02413,-0.025095,-0.058838,0.27425
0.18375,-0.076312,-0.025196,-0.026304,-0.061569,0.28707
0.19169,-0.079637,-0.026243,-0.027506,-0.064269,0.29976
0.19953,-0.082919,-0.027269,-0.028702,-0.066938,0.31232
0.20724,-0.086157,-0.028273,-0.029891,-0.069574,0.32474
0.21484,-0.089349,-0.029255,-0.031072,-0.072176,0.33702
0.22232,-0.092493,-0.030214,-0.032246,-0.074742,0.34915
0.22966,-0.095588,-0.031149,-0.033413,-0.077271,0.36112
0.23688,-0.098632,-0.032059,-0.034571,-0.079762,0.37293
0.24396,-0.10162,-0.032944,-0.035721,-0.082214,0.38458
0.2509,-0.10456,-0.033804,-0.036863,-0.084625,0.39605
0.25769,-0.10744,-0.034637,-0.037997,-0.086994,0.40735
0.26434,-0.11027,-0.035442,-0.039122,-0.08932,0.41847
0.27083,-0.11303,-0.03622,-0.040238,-0.091602,0.42941
0.27717,-0.11574,-0.03697,-0.041345,-0.093839,0.44015
0.28335,-0.11838,-0.03769,-0.042443,-0.096029,0.4507
0.28936,-0.12096,-0.038381,-0.043531,-0.098172,0.46106
0.29521,-0.12347,-0.039043,-0.04461,-0.10027,0.47121
0.30089,-0.12592,-0.039674,-0.045679,-0.10231,0.48115
0.3064,-0.1283,-0.040274,-0.046739,-0.10431,0.49088
0.31173,-0.13062,-0.040842,-0.047789,-0.10625,0.5004
0.31688,-0.13286,-0.041379,-0.048829,-0.10814,0.5097
0.32185,-0.13503,-0.041885,-0.049859,-0.10998,0.51877
0.32663,-0.13713,-0.042357,-0.050879,-0.11176,0.52762
0.33123,-0.13916,-0.042797,-0.051889,-0.11348,0.53624
0.33563,-0.14111,-0.043204,-0.052888,-0.11516,0.54463
0.33984,-0.14298,-0.043578,-0.053878,-0.11677,0.55278
0.34386,-0.14478,-0.043919,-0.054857,-0.11833,0.56069
0.34768,-0.1465,-0.044226,-0.055826,-0.11982,0.56836
0.3513,-0.14814,-0.044499,-0.056785,-0.12126,0.57579
0.35471,-0.1497,-0.044738,-0.057733,-0.12264,0.58296
0.35793,-0.15118,-0.044944,-0.058672,-0.12396,0.58989
0.36094,-0.15258,-0.045115,-0.0596,-0.12521,0.59656
0.36374,-0.1539,-0.045252,-0.060518,-0.1264,0.60298
0.36633,-0.15513,-0.045356,-0.061425,-0.12754,0.60914
0.36871,-0.15628,-0.045425,-0.062323,-0.1286,0.61504
0.37087,-0.15735,-0.04546,-0.063211,-0.12961,0.62068
0.37283,-0.15833,-0.045462,-0.064089,-0.13055,0.62605
0.37457,-0.15922,-0.045429,-0.064957,-0.13142,0.63116
0.3761,-0.16003,-0.045363,-0.065815,-0.13223,0.63601
0.37741,-0.16075,-0.045264,-0.066664,-0.13297,0.64058
0.3785,-0.16138,-0.045132,-0.067504,-0.13365,0.64489
0.37937,-0.16193,-0.044966,-0.068334,-0.13426,0.64893
0.38003,-0.16238,-0.044768,-0.069155,-0.13481,0.65269
0.38047,-0.16275,-0.044538,-0.069967,-0.13528,0.65619
0.38069,-0.16303,-0.044275,-0.07077,-0.13569,0.65941
0.38069,-0.16322,-0.043981,-0.071565,-0.13603,0.66236
0.38047,-0.16332,-0.043656,-0.072351,-0.13631,0.66503
0.38004,-0.16333,-0.0433,-0.073129,-0.13652,0.66743
0.37938,-0.16325,-0.042914,-0.073899,-0.13665,0.66956
0.37851,-0.16309,-0.042498,-0.074662,-0.13672,0.67142
0.37742,-0.16283,-0.042052,-0.075416,-0.13673,0.673
0.37611,-0.16248,-0.041578,-0.076164,-0.13666,0.67431
0.37459,-0.16204,-0.041076,-0.076904,-0.13653,0.67534
0.37285,-0.16151,-0.040546,-0.077638,-0.13632,0.6761
0.3709,-0.1609,-0.039989,-0.078365,-0.13605,0.6766
0.36873,-0.16019,-0.039406,-0.079086,-0.13571,0.67682
0.36635,-0.15939,-0.038797,-0.0798,-0.13531,0.67677
0.36376,-0.15851,-0.038164,-0.08051,-0.13483,0.67646
0.36097,-0.15754,-0.037506,-0.081214,-0.13429,0.67587
0.35796,-0.15647,-0.036825,-0.081913,-0.13368,0.67503
0.35475,-0.15532,-0.036121,-0.082607,-0.13301,0.67391
0.35134,-0.15409,-0.035396,-0.083296,-0.13227,0.67254
0.34772,-0.15276,-0.034649,-0.083982,-0.13146,0.67091
0.3439,-0.15135,-0.033883,-0.084664,-0.13058,0.66902
0.33989,-0.14985,-0.033097,-0.085343,-0.12964,0.66687
0.33568,-0.14827,-0.032294,-0.086018,-0.12864,0.66447
0.33128,-0.1466,-0.031472,-0.086691,-0.12757,0.66182
0.32668,-0.14485,-0.030635,-0.087361,-0.12643,0.65892
0.3219,-0.14302,-0.029782,-0.08803,-0.12523,0.65577
0.31693,-0.1411,-0.028914,-0.088697,-0.12397,0.65238
0.31178,-0.1391,-0.028033,-0.089363,-0.12265,0.64875
0.30645,-0.13702,-0.027139,-0.090028,-0.12126,0.64488
0.30095,-0.13487,-0.026234,-0.090692,-0.11982,0.64077
0.29527,-0.13263,-0.025319,-0.091356,-0.11831,0.63644
0.28942,-0.13031,-0.024394,-0.092021,-0.11674,0.63188
0.28341,-0.12792,-0.023461,-0.092686,-0.11512,0.62709
0.27723,-0.12545,-0.022521,-0.093352,-0.11343,0.62208
0.27089,-0.1229,-0.021575,-0.09402,-0.11169,0.61685
0.26439,-0.12028,-0.020624,-0.09469,-0.10989,0.61141
0.25774,-0.11759,-0.019669,-0.095361,-0.10804,0.60576
0.25095,-0.11482,-0.018712,-0.096036,-0.10613,0.59991
0.244,-0.11199,-0.017753,-0.096713,-0.10417,0.59385
0.23692,-0.10909,-0.016793,-0.097394,-0.10215,0.5876
0.2297,-0.10611,-0.015834,-0.098078,-0.10008,0.58115
0.22234,-0.10308,-0.014877,-0.098767,-0.097965,0.57451
0.21486,-0.099972,-0.013924,-0.09946,-0.095796,0.56769
0.20725,-0.096803,-0.012974,-0.10016,-0.093578,0.56069
0.19953,-0.093573,-0.01203,-0.10086,-0.091313,0.55351
0.19168,-0.09028,-0.011092,-0.10157,-0.089,0.54616
0.18372,-0.086928,-0.010162,-0.10229,-0.086642,0.53865
0.17566,-0.083518,-0.0092415,-0.10301,-0.084239,0.53097
0.1675,-0.080051,-0.0083307,-0.10373,-0.081794,0.52314
0.15923,-0.076528,-0.0074312,-0.10447,-0.079305,0.51515
0.15087,-0.072952,-0.006544,-0.10521,-0.076777,0.50702
0.14243,-0.069323,-0.0056705,-0.10596,-0.074208,0.49875
0.1339,-0.065644,-0.0048117,-0.10672,-0.071601,0.49034
0.12529,-0.061915,-0.0039688,-0.10749,-0.068957,0.4818
0.1166,-0.058139,-0.003143,-0.10826,-0.066277,0.47313
0.10785,-0.054317,-0.0023353,-0.10905,-0.063562,0.46434
0.099027,-0.050451,-0.001547,-0.10984,-0.060815,0.45544
0.090148,-0.046543,-0.00077904,-0.11064,-0.058035,0.44643
0.081215,-0.042594,-3.2621e-05,-0.11146,-0.055225,0.43731
0.072231,-0.038606,0.00069118,-0.11228,-0.052386,0.42809
0.063202,-0.03458,0.0013913,-0.11311,-0.04952,0.41877
0.054133,-0.030519,0.0020666,-0.11396,-0.046627,0.40937
0.045029,-0.026425,0.0027161,-0.11481,-0.043709,0.39989
0.035896,-0.022298,0.0033388,-0.11568,-0.040768,0.39033
0.026738,-0.018141,0.0039336,-0.11656,-0.037805,0.38069
0.01756,-0.013956,0.0044996,-0.11745,-0.034822,0.37099
0.0083669,-0.0097442,0.0050356,-0.11835,-0.03182,0.36123
-0.00083525,-0.0055076,0.0055409,-0.11926,-0.0288,0.35141
-0.010042,-0.0012482,0.0060145,-0.12019,-0.025765,0.34155
-0.019248,0.0030323,0.0064553,-0.12113,-0.022715,0.33163
-0.028448,0.0073319,0.0068626,-0.12208,-0.019652,0.32168
-0.037638,0.011649,0.0072355,-0.12304,-0.016578,0.3117
-0.046811,0.015982,0.007573,-0.12401,-0.013494,0.30169
-0.055964,0.020328,0.0078745,-0.125,-0.010402,0.29166
-0.065091,0.024686,0.008139,-0.126,-0.0073038,0.28161
-0.074187,0.029054,0.0083658,-0.12702,-0.0042001,0.27155
-0.083247,0.033429,0.0085543,-0.12804,-0.0010928,0.26148
-0.092267,0.037811,0.0087035,-0.12908,0.0020164,0.25142
-0.10124,0.042198,0.0088129,-0.13013,0.0051259,0.24136
-0.11016,0.046587,0.0088819,-0.1312,0.0082342,0.23131
-0.11903,0.050976,0.0089097,-0.13228,0.01134,0.22128
-0.12784,0.055364,0.0088958,-0.13337,0.014441,0.21127
-0.13658,0.059749,0.0088396,-0.13447,0.017536,0.20128
-0.14525,0.064129,0.0087407,-0.13559,0.020624,0.19133
-0.15385,0.068502,0.0085984,-0.13672,0.023702,0.18142
-0.16237,0.072866,0.0084123,-0.13786,0.02677,0.17155
-0.1708,0.07722,0.008182,-0.13902,0.029825,0.16172
-0.17915,0.081561,0.0079072,-0.14018,0.032866,0.15195
-0.1874,0.085889,0.0075873,-0.14136,0.035892,0.14224
-0.19556,0.0902,0.0072222,-0.14255,0.038901,0.13259
-0.20361,0.094493,0.0068115,-0.14375,0.041892,0.12301
-0.21156,0.098768,0.006355,-0.14497,0.044862,0.1135
-0.2194,0.10302,0.0058525,-0.14619,0.04781,0.10407
-0.22713,0.10725,0.0053038,-0.14743,0.050736,0.094719
-0.23473,0.11145,0.0047087,-0.14868,0.053636,0.085456
-0.24222,0.11563,0.0040672,-0.14993,0.05651,0.076284
-0.24957,0.11978,0.0033792,-0.1512,0.059356,0.067207
-0.2568,0.1239,0.0026447,-0.15248,0.062173,0.058231
-0.26389,0.12799,0.0018638,-0.15377,0.064959,0.04936
-0.27085,0.13205,0.0010364,-0.15506,0.067713,0.040596
-0.27766,0.13607,0.00016262,-0.15637,0.070433,0.031946
-0.28433,0.14005,-0.00075729,-0.15768,0.073118,0.023413
-0.29085,0.144,-0.0017232,-0.159,0.075766,0.015
-0.29722,0.14791,-0.0027349,-0.16033,0.078376,0.0067122
-0.30343,0.15177,-0.0037921,-0.16167,0.080946,-0.0014473
-0.30949,0.15559,-0.0048944,-0.16301,0.083475,-0.0094746
-0.31538,0.15937,-0.0060417,-0.16435,0.085962,-0.017366
-0.32111,0.1631,-0.0072333,-0.16571,0.088406,-0.025119
-0.32667,0.16679,-0.0084691,-0.16707,0.090804,-0.032729
-0.33207,0.17043,-0.0097483,-0.16843,0.093156,-0.040193
-0.33729,0.17402,-0.011071,-0.16979,0.09546,-0.047508
-0.34233,0.17755,-0.012435,-0.17116,0.097716,-0.054671
-0.3472,0.18103,-0.013842,-0.17253,0.099921,-0.061679
-0.35188,0.18446,-0.01529,-0.17391,0.10207,-0.068529
-0.35639,0.18784,-0.016779,-0.17528,0.10418,-0.075218
-0.36071,0.19116,-0.018307,-0.17665,0.10622,-0.081744
-0.36484,0.19442,-0.019874,-0.17803,0.10821,-0.088105
-0.36878,0.19762,-0.02148,-0.1794,0.11015,-0.094297
-0.37254,0.20076,-0.023123,-0.18077,0.11203,-0.10032
-0.3761,0.20384,-0.024803,-0.18214,0.11385,-0.10617
-0.37946,0.20685,-0.026519,-0.18351,0.11561,-0.11184
-0.38264,0.20981,-0.028269,-0.18487,0.11731,-0.11734
-0.38561,0.2127,-0.030053,-0.18623,0.11895,-0.12266
-0.38839,0.21552,-0.031869,-0.18758,0.12052,-0.1278
-0.39097,0.21828,-0.033718,-0.18892,0.12203,-0.13276
-0.39334,0.22097,-0.035596,-0.19026,0.12348,-0.13753
-0.39552,0.22359,-0.037505,-0.19159,0.12486,-0.14213
-0.39749,0.22614,-0.039441,-0.19291,0.12618,-0.14653
-0.39926,0.22862,-0.041404,-0.19422,0.12743,-0.15075
-0.40083,0.23104,-0.043393,-0.19553,0.12861,-0.15478
-0.4022,0.23338,-0.045407,-0.19681,0.12972,-0.15862
-0.40335,0.23564,-0.047443,-0.19809,0.13076,-0.16228
-0.40431,0.23784,-0.049501,-0.19935,0.13173,-0.16574
-0.40506,0.23996,-0.05158,-0.2006,0.13263,-0.16901
-0.40561,0.24201,-0.053678,-0.20183,0.13346,-0.1721
-0.40595,0.24398,-0.055793,-0.20305,0.13421,-0.17499
-0.40608,0.24588,-0.057924,-0.20425,0.1349,-0.17769
-0.40602,0.2477,-0.06007,-0.20543,0.13551,-0.1802
-0.40575,0.24944,-0.062229,-0.20659,0.13604,-0.18252
-0.40527,0.25111,-0.0644,-0.20774,0.1365,-0.18465
-0.4046,0.2527,-0.06658,-0.20886,0.13689,-0.18658
-0.40372,0.25421,-0.068769,-0.20996,0.1372,-0.18833
-0.40264,0.25564,-0.070964,-0.21103,0.13743,-0.18989
-0.40136,0.257,-0.073164,-0.21208,0.13759,-0.19126
-0.39989,0.25828,-0.075368,-0.21311,0.13767,-0.19244
-0.39821,0.25948,-0.077573,-0.21411,0.13767,-0.19344
-0.39635,0.2606,-0.079779,-0.21508,0.1376,-0.19425
-0.39428,0.26164,-0.081982,-0.21602,0.13744,-0.19488
-0.39203,0.2626,-0.084182,-0.21693,0.13721,-0.19532
-0.38958,0.26348,-0.086377,-0.21782,0.13691,-0.19558
-0.38694,0.26428,-0.088564,-0.21867,0.13652,-0.19566
-0.38412,0.265,-0.090742,-0.21949,0.13606,-0.19557
-0.3811,0.26565,-0.09291,-0.22027,0.13552,-0.19529
-0.37791,0.26621,-0.095065,-0.22103,0.1349,-0.19484
-0.37453,0.26669,-0.097206,-0.22174,0.1342,-0.19422
-0.37098,0.2671,-0.09933,-0.22242,0.13342,-0.19342
-0.36725,0.26743,-0.10144,-0.22306,0.13257,-0.19246
-0.36334,0.26767,-0.10352,-0.22366,0.13163,-0.19133
-0.35926,0.26784,-0.10559,-0.22422,0.13062,-0.19004
-0.35502,0.26793,-0.10763,-0.22475,0.12954,-0.18858
-0.3506,0.26795,-0.10964,-0.22523,0.12837,-0.18696
-0.34603,0.26788,-0.11163,-0.22566,0.12713,-0.18519
-0.34129,0.26774,-0.11359,-0.22606,0.12581,-0.18326
-0.33639,0.26752,-0.11552,-0.2264,0.12441,-0.18118
-0.33134,0.26723,-0.11741,-0.22671,0.12294,-0.17895
-0.32614,0.26686,-0.11927,-0.22696,0.12139,-0.17658
-0.32079,0.26641,-0.12109,-0.22717,0.11977,-0.17406
-0.3153,0.26589,-0.12287,-0.22733,0.11807,-0.1714
-0.30966,0.26529,-0.12462,-0.22744,0.1163,-0.1686
-0.30389,0.26462,-0.12631,-0.22749,0.11445,-0.16568
-0.29798,0.26388,-0.12797,-0.2275,0.11254,-0.16262
-0.29194,0.26306,-0.12958,-0.22746,0.11054,-0.15943
-0.28577,0.26217,-0.13114,-0.22736,0.10848,-0.15612
-0.27948,0.26121,-0.13265,-0.2272,0.10635,-0.15269
-0.27307,0.26018,-0.13411,-0.227,0.10414,-0.14915
-0.26654,0.25909,-0.13552,-0.22673,0.10187,-0.14549
-0.2599,0.25792,-0.13687,-0.22641,0.099524,-0.14172
-0.25315,0.25668,-0.13816,-0.22603,0.097112,-0.13785
-0.2463,0.25538,-0.1394,-0.2256,0.094634,-0.13387
-0.23934,0.25401,-0.14057,-0.2251,0.092089,-0.1298
-0.23229,0.25257,-0.14168,-0.22454,0.089479,-0.12563
-0.22515,0.25107,-0.14273,-0.22393,0.086804,-0.12137
-0.21792,0.24951,-0.14372,-0.22325,0.084066,-0.11703
-0.21061,0.24788,-0.14463,-0.22251,0.081266,-0.1126
-0.20321,0.24619,-0.14548,-0.22171,0.078404,-0.1081
-0.19574,0.24444,-0.14626,-0.22084,0.075482,-0.10352
-0.1882,0.24263,-0.14696,-0.21991,0.072501,-0.098869
-0.1806,0.24076,-0.1476,-0.21892,0.069462,-0.094152
-0.17293,0.23883,-0.14815,-0.21786,0.066366,-0.089373
-0.1652,0.23685,-0.14864,-0.21673,0.063214,-0.084536
-0.15742,0.23481,-0.14904,-0.21554,0.060009,-0.079645
-0.14959,0.23272,-0.14937,-0.21429,0.056749,-0.074703
-0.14171,0.23057,-0.14961,-0.21296,0.053439,-0.069716
-0.1338,0.22837,-0.14978,-0.21157,0.050077,-0.064687
-0.12584,0.22612,-0.14986,-0.21011,0.046666,-0.05962
-0.11786,0.22382,-0.14985,-0.20858,0.043208,-0.05452
-0.10985,0.22148,-0.14977,-0.20698,0.039703,-0.049391
-0.10181,0.21908,-0.14959,-0.20531,0.036153,-0.044236
-0.09376,0.21664,-0.14933,-0.20358,0.032559,-0.03906
-0.085694,0.21415,-0.14898,-0.20177,0.028924,-0.033868
-0.077617,0.21162,-0.14854,-0.1999,0.025247,-0.028662
-0.069536,0.20904,-0.14801,-0.19795,0.021532,-0.023448
-0.061453,0.20643,-0.14739,-0.19593,0.017779,-0.018229
-0.053374,0.20377,-0.14668,-0.19385,0.013989,-0.013009
-0.045304,0.20107,-0.14587,-0.19169,0.010166,-0.0077932
-0.037245,0.19834,-0.14498,-0.18946,0.006309,-0.0025844
-0.029203,0.19557,-0.14398,-0.18717,0.0024211,0.0026131
-0.021181,0.19277,-0.14289,-0.1848,-0.0014965,0.0077954
-0.013185,0.18993,-0.14171,-0.18236,-0.0054421,0.012958
-0.0052183,0.18706,-0.14043,-0.17985,-0.0094141,0.018098
0.0027152,0.18416,-0.13906,-0.17727,-0.013411,0.023212
0.010611,0.18123,-0.13758,-0.17462,-0.01743,0.028294
0.018465,0.17826,-0.13601,-0.1719,-0.021471,0.033342
0.026273,0.17528,-0.13434,-0.16911,-0.025532,0.038353
0.034032,0.17226,-0.13258,-0.16625,-0.02961,0.043321
0.041736,0.16922,-0.13071,-0.16332,-0.033705,0.048244
0.049383,0.16616,-0.12875,-0.16032,-0.037813,0.053118
0.056968,0.16308,-0.12669,-0.15726,-0.041935,0.057941
0.064487,0.15997,-0.12453,-0.15412,-0.046067,0.062707
0.071938,0.15685,-0.12227,-0.15092,-0.050208,0.067414
0.079315,0.1537,-0.11992,-0.14765,-0.054356,0.072059
0.086616,0.15054,-0.11746,-0.14431,-0.058509,0.076639
0.093836,0.14737,-0.11491,-0.1409,-0.062667,0.081149
0.10097,0.14418,-0.11226,-0.13743,-0.066825,0.085588
0.10802,0.14097,-0.10951,-0.1339,-0.070984,0.089952
0.11498,0.13776,-0.10667,-0.1303,-0.075141,0.094239
0.12184,0.13453,-0.10373,-0.12663,-0.079294,0.098444
0.12861,0.1313,-0.10069,-0.12291,-0.083441,0.10257
0.13528,0.12805,-0.097557,-0.11912,-0.087581,0.1066
0.14184,0.1248,-0.09433,-0.11527,-0.091711,0.11055
0.1483,0.12155,-0.091008,-0.11135,-0.095831,0.11441
0.15464,0.11829,-0.087593,-0.10738,-0.099937,0.11817
0.16088,0.11502,-0.084085,-0.10335,-0.10403,0.12183
0.167,0.11176,-0.080485,-0.09926,-0.1081,0.1254
0.173,0.10849,-0.076794,-0.095112,-0.11216,0.12887
0.17888,0.10522,-0.073014,-0.090909,-0.1162,0.13223
0.18463,0.10196,-0.069144,-0.08665,-0.12021,0.13549
0.19027,0.098695,-0.065187,-0.082337,-0.1242,0.13864
0.19577,0.095436,-0.061143,-0.07797,-0.12816,0.14169
0.20114,0.092182,-0.057014,-0.073552,-0.1321,0.14462
0.20638,0.088934,-0.052801,-0.069083,-0.136,0.14744
0.21148,0.085693,-0.048506,-0.064565,-0.13988,0.15015
0.21645,0.08246,-0.044128,-0.059997,-0.14372,0.15274
0.22128,0.079236,-0.039672,-0.055383,-0.14753,0.15522
0.22597,0.076022,-0.035136,-0.050723,-0.1513,0.15757
0.23052,0.072819,-0.030524,-0.046019,-0.15503,0.15981
0.23492,0.069628,-0.025837,-0.041271,-0.15872,0.16193
0.23917,0.066451,-0.021077,-0.036482,-0.16237,0.16393
0.24328,0.063288,-0.016244,-0.031652,-0.16598,0.16581
0.24724,0.060139,-0.011342,-0.026783,-0.16954,0.16756
0.25106,0.057007,-0.0063721,-0.021877,-0.17305,0.16919
0.25472,0.053892,-0.0013358,-0.016935,-0.17651,0.1707
0.25822,0.050794,0.0037648,-0.011958,-0.17993,0.17208
0.26158,0.047715,0.0089275,-0.0069492,-0.18329,0.17334
0.26478,0.044656,0.01415,-0.0019087,-0.1866,0.17447
0.26783,0.041617,0.019431,0.0031615,-0.18985,0.17548
0.27072,0.038599,0.024768,0.0082597,-0.19304,0.17636
0.27345,0.035603,0.030159,0.013384,-0.19618,0.17711
0.27603,0.03263,0.035601,0.018533,-0.19926,0.17774
0.27846,0.02968,0.041092,0.023705,-0.20227,0.17825
0.28072,0.026754,0.04663,0.028899,-0.20522,0.17863
0.28283,0.023853,0.052213,0.034112,-0.20811,0.17889
0.28478,0.020978,0.057838,0.039342,-0.21093,0.17902
0.28657,0.018129,0.063502,0.044589,-0.21368,0.17903
0.28821,0.015307,0.069204,0.049849,-0.21637,0.17892
0.28969,0.012512,0.07494,0.055122,-0.21898,0.17869
0.29101,0.0097456,0.080708,0.060405,-0.22152,0.17834
0.29218,0.0070077,0.086506,0.065697,-0.22399,0.17786
0.29319,0.0042989,0.09233,0.070995,-0.22639,0.17727
0.29404,0.0016198,0.098179,0.076299,-0.2287,0.17656
0.29474,-0.0010291,0.10405,0.081605,-0.23095,0.17574
0.29529,-0.0036473,0.10994,0.086912,-0.23311,0.17479
0.29568,-0.0062344,0.11584,0.092218,-0.23519,0.17374
0.29592,-0.0087898,0.12176,0.097522,-0.2372,0.17258
0.29601,-0.011313,0.12769,0.10282,-0.23912,0.1713
0.29595,-0.013804,0.13363,0.10811,-0.24096,0.16992
0.29575,-0.016263,0.13957,0.11339,-0.24271,0.16842
0.29539,-0.018688,0.14551,0.11867,-0.24438,0.16683
0.29489,-0.02108,0.15145,0.12393,-0.24597,0.16513
0.29425,-0.023438,0.15739,0.12917,-0.24746,0.16333
0.29346,-0.025762,0.16332,0.1344,-0.24887,0.16143
0.29253,-0.028052,0.16924,0.13961,-0.25019,0.15944
0.29146,-0.030307,0.17515,0.1448,-0.25142,0.15735
0.29025,-0.032527,0.18104,0.14996,-0.25257,0.15517
0.28891,-0.034713,0.18692,0.1551,-0.25361,0.1529
0.28743,-0.036864,0.19277,0.16022,-0.25457,0.15054
0.28583,-0.038979,0.1986,0.1653,-0.25544,0.1481
0.28409,-0.041059,0.2044,0.17036,-0.25621,0.14558
0.28222,-0.043104,0.21017,0.17538,-0.25689,0.14297
0.28023,-0.045113,0.2159,0.18037,-0.25747,0.14029
0.27812,-0.047086,0.2216,0.18532,-0.25795,0.13754
0.27589,-0.049024,0.22726,0.19023,-0.25835,0.13471
0.27353,-0.050926,0.23288,0.1951,-0.25864,0.13182
0.27107,-0.052792,0.23845,0.19993,-0.25884,0.12886
0.26849,-0.054623,0.24398,0.20471,-0.25894,0.12584
0.2658,-0.056418,0.24945,0.20945,-0.25895,0.12276
0.263,-0.058178,0.25487,0.21414,-0.25885,0.11963
0.26009,-0.059902,0.26023,0.21878,-0.25866,0.11644
0.25709,-0.06159,0.26553,0.22337,-0.25837,0.1132
0.25398,-0.063243,0.27077,0.2279,-0.25798,0.10991
0.25078,-0.064861,0.27594,0.23238,-0.25749,0.10659
0.24749,-0.066444,0.28104,0.2368,-0.2569,0.10322
0.2441,-0.067992,0.28608,0.24116,-0.25622,0.09981
0.24063,-0.069506,0.29103,0.24545,-0.25543,0.09637
0.23707,-0.070984,0.29591,0.24969,-0.25455,0.0929
0.23344,-0.072429,0.30072,0.25386,-0.25357,0.089402
0.22972,-0.073839,0.30543,0.25796,-0.25248,0.085881
0.22593,-0.075216,0.31007,0.262,-0.2513,0.082339
0.22207,-0.076558,0.31461,0.26596,-0.25002,0.078781
0.21813,-0.077868,0.31907,0.26985,-0.24864,0.075209
0.21414,-0.079144,0.32343,0.27367,-0.24717,0.071627
0.21008,-0.080388,0.32769,0.27742,-0.24559,0.068038
0.20596,-0.081599,0.33186,0.28109,-0.24392,0.064446
0.20179,-0.082778,0.33593,0.28468,-0.24215,0.060855
0.19756,-0.083925,0.33989,0.28819,-0.24028,0.057266
0.19329,-0.085041,0.34375,0.29162,-0.23832,0.053685
0.18897,-0.086125,0.3475,0.29496,-0.23626,0.050114
0.18461,-0.087179,0.35114,0.29822,-0.23411,0.046557
0.18021,-0.088202,0.35467,0.3014,-0.23186,0.043017
0.17578,-0.089195,0.35808,0.30449,-0.22952,0.039497
0.17131,-0.090159,0.36138,0.30749,-0.22708,0.036001
0.16682,-0.091093,0.36456,0.3104,-0.22455,0.032533
0.1623,-0.091999,0.36762,0.31323,-0.22193,0.029095
0.15776,-0.092876,0.37055,0.31595,-0.21921,0.02569
0.1532,-0.093725,0.37336,0.31859,-0.21641,0.022323
0.14862,-0.094547,0.37605,0.32113,-0.21351,0.018996
0.14404,-0.095341,0.3786,0.32358,-0.21053,0.015712
0.13944,-0.096109,0.38103,0.32593,-0.20746,0.012475
0.13485,-0.096851,0.38332,0.32818,-0.2043,0.0092873
0.13025,-0.097567,0.38549,0.33034,-0.20106,0.0061524
0.12565,-0.098257,0.38751,0.33239,-0.19773,0.0030733
0.12105,-0.098923,0.3894,0.33435,-0.19432,5.2875e-05
0.11647,-0.099564,0.39116,0.3362,-0.19082,-0.0029059
0.1119,-0.10018,0.39277,0.33795,-0.18725,-0.0058001
0.10734,-0.10078,0.39425,0.3396,-0.18359,-0.008627
0.1028,-0.10135,0.39558,0.34115,-0.17986,-0.011384
0.098281,-0.1019,0.39677,0.34259,-0.17604,-0.014068
0.093786,-0.10242,0.39782,0.34393,-0.17215,-0.016676
0.089319,-0.10293,0.39872,0.34516,-0.16819,-0.019206
0.084882,-0.10341,0.39948,0.34629,-0.16415,-0.021656
0.080478,-0.10388,0.40009,0.34731,-0.16004,-0.024022
0.07611,-0.10432,0.40056,0.34823,-0.15585,-0.026303
0.071781,-0.10474,0.40087,0.34903,-0.1516,-0.028496
0.067495,-0.10515,0.40104,0.34973,-0.14728,-0.030599
0.063253,-0.10553,0.40106,0.35033,-0.1429,-0.032609
0.059058,-0.1059,0.40093,0.35081,-0.13845,-0.034525
0.054914,-0.10625,0.40066,0.35119,-0.13393,-0.036345
0.050822,-0.10659,0.40023,0.35146,-0.12936,-0.038066
0.046786,-0.1069,0.39965,0.35162,-0.12472,-0.039687
0.042808,-0.1072,0.39892,0.35168,-0.12003,-0.041206
0.03889,-0.10749,0.39805,0.35162,-0.11527,-0.04262
0.035036,-0.10776,0.39702,0.35146,-0.11047,-0.043929
0.031246,-0.10801,0.39584,0.35119,-0.10561,-0.045131
0.027523,-0.10825,0.39452,0.35081,-0.1007,-0.046225
0.023871,-0.10848,0.39304,0.35033,-0.095742,-0.047209
0.02029,-0.10869,0.39142,0.34973,-0.090735,-0.048081
0.016783,-0.10889,0.38965,0.34903,-0.085682,-0.048841
0.013352,-0.10907,0.38773,0.34823,-0.080586,-0.049487
0.0099993,-0.10925,0.38566,0.34732,-0.075448,-0.050019
0.006726,-0.10941,0.38345,0.3463,-0.07027,-0.050435
0.0035343,-0.10956,0.38109,0.34518,-0.065054,-0.050735
0.00042598,-0.1097,0.37858,0.34396,-0.059801,-0.050918
-0.0025974,-0.10983,0.37593,0.34263,-0.054515,-0.050983
-0.0055342,-0.10994,0.37314,0.34119,-0.049197,-0.050929
-0.0083829,-0.11005,0.37021,0.33966,-0.043849,-0.050757
-0.011142,-0.11015,0.36714,0.33803,-0.038473,-0.050466
-0.013811,-0.11024,0.36393,0.33629,-0.033071,-0.050055
-0.016387,-0.11032,0.36058,0.33445,-0.027645,-0.049525
-0.01887,-0.11039,0.35709,0.33252,-0.022198,-0.048875
-0.021258,-0.11046,0.35347,0.33049,-0.016731,-0.048106
-0.023551,-0.11051,0.34972,0.32836,-0.011247,-0.047217
-0.025747,-0.11056,0.34583,0.32614,-0.0057472,-0.046209
-0.027846,-0.1106,0.34182,0.32382,-0.0002345,-0.045082
-0.029847,-0.11063,0.33767,0.32141,0.0052892,-0.043836
-0.031749,-0.11066,0.33341,0.31891,0.010822,-0.042472
-0.033552,-0.11068,0.32901,0.31631,0.016361,-0.040991
-0.035254,-0.11069,0.3245,0.31363,0.021905,-0.039394
-0.036856,-0.1107,0.31986,0.31086,0.027451,-0.03768
-0.038357,-0.1107,0.31511,0.308,0.032997,-0.035852
-0.039757,-0.1107,0.31025,0.30506,0.03854,-0.033909
-0.041055,-0.11069,0.30526,0.30204,0.04408,-0.031854
-0.042252,-0.11067,0.30017,0.29893,0.049613,-0.029687
-0.043347,-0.11065,0.29498,0.29574,0.055137,-0.02741
-0.044341,-0.11063,0.28967,0.29247,0.060651,-0.025023
-0.045233,-0.1106,0.28426,0.28913,0.066151,-0.02253
-0.046023,-0.11056,0.27876,0.28571,0.071636,-0.01993
-0.046713,-0.11052,0.27315,0.28222,0.077103,-0.017226
-0.047302,-0.11048,0.26745,0.27865,0.082551,-0.014419
-0.04779,-0.11043,0.26166,0.27502,0.087976,-0.011512
-0.048179,-0.11038,0.25578,0.27132,0.093378,-0.0085059
-0.048468,-0.11032,0.24982,0.26755,0.098753,-0.0054031
-0.048659,-0.11026,0.24377,0.26371,0.1041,-0.0022055
-0.048752,-0.1102,0.23764,0.25982,0.10942,0.0010846
-0.048748,-0.11013,0.23143,0.25586,0.1147,0.0044649
-0.048648,-0.11006,0.22515,0.25185,0.11995,0.0079332
-0.048453,-0.10998,0.21881,0.24778,0.12516,0.011487
-0.048164,-0.10991,0.21239,0.24365,0.13033,0.015124
-0.047781,-0.10982,0.20591,0.23947,0.13546,0.018841
-0.047307,-0.10974,0.19937,0.23525,0.14055,0.022636
-0.046742,-0.10964,0.19277,0.23097,0.14559,0.026506
-0.046088,-0.10955,0.18612,0.22665,0.15058,0.030449
-0.045346,-0.10945,0.17942,0.22228,0.15552,0.034461
-0.044518,-0.10935,0.17268,0.21788,0.16042,0.038539
-0.043604,-0.10924,0.16589,0.21343,0.16525,0.042681
-0.042608,-0.10913,0.15906,0.20895,0.17004,0.046883
-0.041529,-0.10902,0.15219,0.20443,0.17476,0.051143
-0.040371,-0.1089,0.1453,0.19989,0.17943,0.055458
-0.039134,-0.10877,0.13837,0.19531,0.18403,0.059823
-0.037822,-0.10865,0.13142,0.1907,0.18857,0.064236
-0.036434,-0.10851,0.12445,0.18607,0.19304,0.068693
-0.034974,-0.10838,0.11746,0.18141,0.19745,0.073192
-0.033444,-0.10824,0.11046,0.17674,0.20179,0.077728
-0.031845,-0.10809,0.10345,0.17205,0.20605,0.082299
-0.030179,-0.10794,0.096432,0.16734,0.21025,0.0869
-0.02845,-0.10778,0.089412,0.16261,0.21436,0.091528
-0.026658,-0.10762,0.082393,0.15788,0.21841,0.09618
-0.024806,-0.10745,0.07538,0.15314,0.22237,0.10085
-0.022897,-0.10727,0.068375,0.14839,0.22626,0.10554
-0.020932,-0.10709,0.061384,0.14363,0.23006,0.11024
-0.018915,-0.10691,0.054408,0.13888,0.23378,0.11495
-0.016847,-0.10672,0.047454,0.13413,0.23742,0.11967
-0.014731,-0.10652,0.040523,0.12938,0.24097,0.12439
-0.012569,-0.10631,0.03362,0.12463,0.24443,0.1291
-0.010364,-0.1061,0.026749,0.1199,0.24781,0.13381
-0.0081189,-0.10588,0.019913,0.11517,0.25109,0.13851
-0.0058353,-0.10565,0.013116,0.11046,0.25428,0.1432
-0.0035162,-0.10542,0.0063622,0.10576,0.25738,0.14787
-0.0011641,-0.10517,-0.00034547,0.10108,0.26038,0.15251
0.0012183,-0.10492,-0.0070031,0.096414,0.26329,0.15714
0.0036284,-0.10466,-0.013607,0.091775,0.2661,0.16173
0.0060635,-0.1044,-0.020154,0.08716,0.26882,0.1663
0.0085211,-0.10412,-0.026639,0.082571,0.27143,0.17082
0.010998,-0.10383,-0.033061,0.078012,0.27395,0.17531
0.013493,-0.10354,-0.039414,0.073483,0.27636,0.17975
0.016001,-0.10324,-0.045697,0.068988,0.27867,0.18415
0.018522,-0.10292,-0.051904,0.064528,0.28088,0.1885
0.021051,-0.1026,-0.058033,0.060106,0.28298,0.19279
0.023587,-0.10226,-0.064081,0.055723,0.28498,0.19702
0.026126,-0.10192,-0.070044,0.051383,0.28687,0.20119
0.028666,-0.10156,-0.075919,0.047086,0.28865,0.2053
0.031205,-0.1012,-0.081703,0.042836,0.29033,0.20933
0.033739,-0.10082,-0.087393,0.038634,0.2919,0.2133
0.036266,-0.10043,-0.092986,0.034481,0.29336,0.21719
0.038783,-0.10003,-0.098478,0.030381,0.29471,0.221
0.041288,-0.099617,-0.10387,0.026335,0.29595,0.22473
0.043778,-0.099192,-0.10915,0.022344,0.29708,0.22837
0.04625,-0.098755,-0.11432,0.018411,0.2981,0.23192
0.048702,-0.098306,-0.11938,0.014538,0.29901,0.23539
0.051132,-0.097844,-0.12433,0.010726,0.29981,0.23875
0.053536,-0.097369,-0.12916,0.0069769,0.30049,0.24202
0.055913,-0.096881,-0.13387,0.0032925,0.30106,0.24519
0.05826,-0.096379,-0.13846,-0.00032555,0.30153,0.24825
0.060574,-0.095864,-0.14293,-0.0038757,0.30187,0.2512
0.062854,-0.095336,-0.14726,-0.0073564,0.30211,0.25405
0.065096,-0.094794,-0.15147,-0.010766,0.30224,0.25678
0.067298,-0.094237,-0.15555,-0.014103,0.30225,0.2594
0.069459,-0.093667,-0.15949,-0.017367,0.30215,0.2619
0.071576,-0.093082,-0.1633,-0.020555,0.30194,0.26428
0.073647,-0.092483,-0.16697,-0.023666,0.30161,0.26654
0.075669,-0.091869,-0.17051,-0.0267,0.30118,0.26867
0.077641,-0.091241,-0.1739,-0.029655,0.30063,0.27068
0.07956,-0.090598,-0.17715,-0.03253,0.29998,0.27255
0.081425,-0.08994,-0.18026,-0.035323,0.29921,0.2743
0.083234,-0.089267,-0.18322,-0.038034,0.29834,0.27591
0.084985,-0.088579,-0.18603,-0.040662,0.29735,0.27739
0.086676,-0.087876,-0.1887,-0.043206,0.29626,0.27873
0.088305,-0.087158,-0.19122,-0.045665,0.29506,0.27994
0.089871,-0.086425,-0.19359,-0.048037,0.29375,0.281
0.091372,-0.085676,-0.19581,-0.050324,0.29234,0.28193
0.092806,-0.084913,-0.19788,-0.052523,0.29082,0.28271
0.094173,-0.084134,-0.19979,-0.054634,0.2892,0.28335
0.09547,-0.08334,-0.20156,-0.056656,0.28747,0.28385
0.096696,-0.082531,-0.20317,-0.05859,0.28564,0.2842
0.097851,-0.081707,-0.20462,-0.060434,0.28371,0.28441
0.098933,-0.080868,-0.20593,-0.062188,0.28169,0.28447
0.09994,-0.080014,-0.20708,-0.063853,0.27956,0.28438
0.10087,-0.079145,-0.20807,-0.065427,0.27733,0.28415
0.10173,-0.078261,-0.20891,-0.066911,0.27501,0.28377
0.10251,-0.077362,-0.2096,-0.068304,0.2726,0.28324
0.10321,-0.07645,-0.21014,-0.069606,0.27009,0.28256
0.10383,-0.075522,-0.21052,-0.070818,0.26749,0.28174
0.10437,-0.074581,-0.21075,-0.071939,0.2648,0.28077
0.10484,-0.073625,-0.21083,-0.07297,0.26202,0.27965
0.10522,-0.072656,-0.21076,-0.073911,0.25916,0.27839
0.10553,-0.071673,-0.21053,-0.074762,0.25621,0.27698
0.10575,-0.070677,-0.21016,-0.075524,0.25318,0.27543
0.10589,-0.069668,-0.20965,-0.076197,0.25007,0.27373
0.10595,-0.068646,-0.20898,-0.076781,0.24688,0.2719
0.10593,-0.067611,-0.20817,-0.077278,0.24361,0.26992
0.10583,-0.066564,-0.20722,-0.077687,0.24027,0.26779
0.10564,-0.065505,-0.20613,-0.07801,0.23685,0.26554
0.10538,-0.064435,-0.20489,-0.078247,0.23336,0.26314
0.10504,-0.063353,-0.20352,-0.078399,0.22981,0.26061
0.10462,-0.06226,-0.20201,-0.078467,0.22619,0.25795
0.10411,-0.061157,-0.20037,-0.078453,0.22251,0.25515
0.10353,-0.060044,-0.1986,-0.078356,0.21876,0.25223
0.10287,-0.058922,-0.19669,-0.078179,0.21496,0.24918
0.10214,-0.05779,-0.19467,-0.077923,0.2111,0.246
0.10133,-0.056649,-0.19251,-0.077588,0.20719,0.24271
0.10044,-0.055501,-0.19024,-0.077176,0.20322,0.2393
0.09948,-0.054344,-0.18785,-0.076689,0.19921,0.23577
0.098447,-0.053181,-0.18534,-0.076128,0.19515,0.23213
0.097342,-0.05201,-0.18272,-0.075495,0.19105,0.22837
0.096166,-0.050834,-0.17999,-0.074791,0.18691,0.22452
0.094923,-0.049652,-0.17715,-0.074018,0.18273,0.22056
0.093612,-0.048465,-0.17421,-0.073177,0.17852,0.2165
0.092236,-0.047274,-0.17118,-0.072271,0.17428,0.21235
0.090796,-0.046079,-0.16805,-0.071302,0.17001,0.2081
0.089294,-0.044881,-0.16482,-0.070271,0.16572,0.20377
0.087733,-0.043681,-0.16151,-0.069181,0.1614,0.19936
0.086114,-0.042479,-0.15812,-0.068033,0.15707,0.19486
0.084439,-0.041276,-0.15465,-0.066829,0.15272,0.1903
0.08271,-0.040073,-0.1511,-0.065573,0.14836,0.18566
0.080931,-0.038871,-0.14748,-0.064266,0.14399,0.18096
0.079103,-0.037669,-0.1438,-0.06291,0.13961,0.1762
0.077228,-0.03647,-0.14005,-0.061509,0.13524,0.17138
0.07531,-0.035273,-0.13625,-0.060063,0.13086,0.16651
0.073351,-0.03408,-0.1324,-0.058577,0.1265,0.1616
0.071354,-0.032892,-0.1285,-0.057053,0.12214,0.15665
0.069321,-0.031709,-0.12456,-0.055492,0.11779,0.15167
0.067255,-0.030532,-0.12058,-0.053899,0.11346,0.14666
0.06516,-0.029362,-0.11656,-0.052275,0.10915,0.14162
0.063039,-0.028199,-0.11253,-0.050623,0.10486,0.13657
0.060894,-0.027046,-0.10847,-0.048947,0.10061,0.13151
0.058729,-0.025902,-0.1044,-0.04725,0.096379,0.12644
0.056547,-0.024769,-0.10031,-0.045533,0.092188,0.12138
0.054352,-0.023648,-0.096223,-0.043801,0.088036,0.11632
0.052147,-0.022539,-0.092137,-0.042057,0.083927,0.11128
0.049936,-0.021444,-0.088058,-0.040303,0.079865,0.10626
0.047722,-0.020363,-0.083992,-0.038542,0.075854,0.10127
0.045508,-0.019298,-0.079946,-0.036779,0.071899,0.096307
0.0433,-0.018249,-0.075925,-0.035016,0.068003,0.091388
0.041099,-0.017218,-0.071935,-0.033256,0.06417,0.086517
0.038911,-0.016206,-0.067983,-0.031503,0.060405,0.081702
0.03674,-0.015213,-0.064076,-0.029761,0.056712,0.076948
0.034588,-0.014242,-0.060219,-0.028032,0.053094,0.072263
0.032461,-0.013292,-0.056419,-0.026321,0.049557,0.067655
0.030362,-0.012365,-0.052683,-0.02463,0.046104,0.063131
0.028296,-0.011462,-0.049017,-0.022964,0.04274,0.058699
0.026266,-0.010584,-0.045427,-0.021326,0.039469,0.054365
0.024277,-0.0097322,-0.041921,-0.019719,0.036295,0.050137
0.022334,-0.0089081,-0.038506,-0.018147,0.033223,0.046024
0.020441,-0.0081125,-0.035187,-0.016615,0.030257,0.042032
0.018601,-0.0073467,-0.031973,-0.015125,0.027401,0.03817
0.016821,-0.0066117,-0.028869,-0.013681,0.02466,0.034445
0.015103,-0.0059088,-0.025884,-0.012288,0.022039,0.030865
0.013453,-0.0052392,-0.023023,-0.010949,0.019541,0.027439
0.011875,-0.0046039,-0.020295,-0.0096677,0.017172,0.024175
0.010374,-0.0040042,-0.017705,-0.0084481,0.014935,0.021079
0.008955,-0.0034414,-0.015262,-0.0072941,0.012835,0.018161
0.0076217,-0.0029165,-0.012973,-0.0062096,0.010878,0.015429
0.0063792,-0.0024309,-0.010844,-0.0051985,0.0090662,0.012891
0.0052323,-0.0019857,-0.0088828,-0.0042649,0.0074055,0.010555
0.0041857,-0.0015821,-0.0070971,-0.0034125,0.0059002,0.0084291
0.0032442,-0.0012214,-0.005494,-0.0026455,0.0045548,0.0065221
0.0024125,-0.00090475,-0.0040807,-0.0019677,0.003374,0.0048422
0.0016955,-0.00063346,-0.0028646,-0.0013832,0.0023622,0.0033977
0.0010981,-0.00040871,-0.001853,-0.00089597,0.0015241,0.002197
0.00062495,-0.00023176,-0.0010534,-0.00051002,0.00086418,0.0012484
0.00028099,-0.00010383,-0.00047312,-0.00022936,0.00038715,0.00056048
7.1057e-05,-2.6164e-05,-0.00011951,-5.801e-05,9.7554e-05,0.00014152
1.4591e-15,6.57e-15,-4.5084e-14,-1.1914e-15,4.4629e-14,2.9019e-15
